Date,week,,,Day,,,Evening,,,Night,,,Day off,,,Leave
,,DM,Brine,HCl,DM,Brine,HCl,DM,Brine,HCl,DM,Brine,HCl,DM,Brine,HCl
11/1,Sun,小豬,小葵,小白,屹耳,風間,阿呆,維尼,小新,廣志,羅賓,妮妮,正男, , , 
11/2,Mon,小豬,小葵,小白,屹耳,風間,阿呆,維尼,小新,廣志,羅賓,妮妮,正男, , , 
11/3,Tue,小豬,小葵,小白,羅賓,妮妮,正男,維尼,小新,廣志,屹耳,風間,阿呆, , , 
11/4,Wed,小豬,小葵,小白,羅賓,妮妮,正男,維尼,小新,廣志,屹耳,風間,阿呆, , , 
11/5,Thu,屹耳,風間,阿呆,羅賓,妮妮,正男,維尼,小新,廣志,小豬,小葵,小白, , , 
11/6,Fri,屹耳,風間,阿呆,羅賓,妮妮,正男,維尼,小新,廣志,小豬,小葵,小白, , , 
11/7,Sat,屹耳,風間,阿呆,羅賓,妮妮,正男,小豬,小葵,小白,維尼,小新,廣志, , , 
11/8,Sun,屹耳,風間,阿呆,羅賓,妮妮,正男,小豬,小葵,小白,維尼,小新,廣志, , , 
11/9,Mon,屹耳,風間,阿呆,維尼,小新,廣志,小豬,小葵,小白,羅賓,妮妮,正男, , , 
11/10,Tue,屹耳,風間,阿呆,維尼,小新,廣志,小豬,小葵,小白,羅賓,妮妮,正男, , , 
11/11,Wed,羅賓,妮妮,正男,維尼,小新,廣志,小豬,小葵,小白,屹耳,風間,阿呆, , , 
11/12,Thu,羅賓,妮妮,正男,維尼,小新,廣志,小豬,小葵,小白,屹耳,風間,阿呆, , , 
11/13,Fri,羅賓,妮妮,正男,維尼,小新,廣志,屹耳,風間,阿呆,小豬,小葵,小白, , , 
11/14,Sat,羅賓,妮妮,正男,維尼,小新,廣志,屹耳,風間,阿呆,小豬,小葵,小白, , , 
11/15,Sun,羅賓,妮妮,正男,小豬,小葵,小白,屹耳,風間,阿呆,維尼,小新,廣志, , , 
11/16,Mon,羅賓,妮妮,正男,小豬,小葵,小白,屹耳,風間,阿呆,維尼,小新,廣志, , , 
11/17,Tue,維尼,小新,廣志,小豬,小葵,小白,屹耳,風間,阿呆,羅賓,妮妮,正男, , , 
11/18,Wed,維尼,小新,廣志,小豬,小葵,小白,屹耳,風間,阿呆,羅賓,妮妮,正男, , , 
11/19,Thu,維尼,小新,廣志,小豬,小葵,小白,羅賓,妮妮,正男,屹耳,風間,阿呆, , , 
11/20,Fri,維尼,小新,廣志,小豬,小葵,小白,羅賓,妮妮,正男,屹耳,風間,阿呆, , , 
11/21,Sat,維尼,小新,廣志,屹耳,風間,阿呆,羅賓,妮妮,正男,小豬,小葵,小白, , , 
11/22,Sun,維尼,小新,廣志,屹耳,風間,阿呆,羅賓,妮妮,正男,小豬,小葵,小白, , , 
11/23,Mon,小豬,小葵,小白,屹耳,風間,阿呆,羅賓,妮妮,正男,維尼,小新,廣志, , , 
11/24,Tue,小豬,小葵,小白,屹耳,風間,阿呆,羅賓,妮妮,正男,維尼,小新,廣志, , , 
11/25,Wed,小豬,小葵,小白,屹耳,風間,阿呆,維尼,小新,廣志,羅賓,妮妮,正男, , , 
11/26,Thu,小豬,小葵,小白,屹耳,風間,阿呆,維尼,小新,廣志,羅賓,妮妮,正男, , , 
11/27,Fri,小豬,小葵,小白,羅賓,妮妮,正男,維尼,小新,廣志,屹耳,風間,阿呆, , , 
11/28,Sat,小豬,小葵,小白,羅賓,妮妮,正男,維尼,小新,廣志,屹耳,風間,阿呆, , , 
11/29,Sun,屹耳,風間,阿呆,羅賓,妮妮,正男,維尼,小新,廣志,小豬,小葵,小白, , , 
11/30,Mon,屹耳,風間,阿呆,羅賓,妮妮,正男,維尼,小新,廣志,小豬,小葵,小白, , , 


,工時,工作天數
,小時,天
維尼,576.0,72
小新,576.0,72
廣志,576.0,72

小豬,536.0,67
小葵,536.0,67
小白,536.0,67

屹耳,536.0,67
風間,536.0,67
阿呆,536.0,67

羅賓,536.0,67
妮妮,536.0,67
正男,536.0,67

